Domain,Solver,Heuristic,Len_state,Cost,Expanded_count,Generated_count,CPU_time
pancake,AStar,gap,5,3.2,4.9,16.366666666666667,0.0006515154332494906
pancake,AStar,gap,6,4.666666666666667,11.033333333333333,44.8,0.001663980399977542
pancake,AStar,gap,7,5.766666666666667,18.0,87.6,0.0037679114000335784
pancake,AStar,gap,8,6.766666666666667,36.4,205.66666666666666,0.009018777199980833
pancake,AStar,gap,9,7.7,66.76666666666667,434.7,0.020614446633347445
pancake,AStar,gap,10,8.6,103.83333333333333,768.6666666666666,0.04271622259999883
pancake,AStar,gap,11,10.433333333333334,162.93333333333334,1391.7666666666667,0.07602710889993129
pancake,AStar,gap,12,10.666666666666666,181.23333333333332,1748.6666666666667,0.1020273381665902
pancake,AStar,gap,13,11.533333333333333,451.2,4616.466666666666,0.29438170763335925
